envo_id,label,exact_synonyms,broad_synonyms,narrow_synonyms,related_synonyms
ENVO_01001583,Afrotropical Ecoregion,,,,
ENVO_01001605,Aldabra Island Xeric Scrub Ecoregion,,,,
ENVO_01001571,Australasia Ecoregion,,,,
ENVO_01001385,Bathymodiolus-dominated oceanic mussel reef,,,,
ENVO_01001180,Bondon cheese environment,,,,
ENVO_01001452,Calyptra habitat,vampire moth habitat,,,
ENVO_01001575,Carnarvon Xeric Shrublands Ecoregion,,Western coast of Australia Ecoregion,,
ENVO_01001576,Central Ranges Xeric Shrub Ecoregion,,Central Australia Ecoregion,,
ENVO_01001603,East Saharan Montane Xeric Woodland Ecoregion,North central Africa: Eastern Chad and small area of western Sudan,,,
ENVO_01001602,Eritrean Coastal Desert Ecoregion,,,,
ENVO_01001601,Ethiopian Xeric Grasslands and Shrublands Ecoregion,,,,
ENVO_01001577,Gibson Desert Ecoregion,,Western central Australia,,
ENVO_01001579,Great Victoria Desert Ecoregion,,Southern Australia Ecoregion,,
ENVO_01001599,Hobyo Grassland and Shrubland Ecoregion,,Eastern Africa: Somalia,,
ENVO_01001166,IUCN habitat/species management area,,habitat management area,,species management area
ENVO_01001598,Ile Europa and Bassas da India Ecoregion,Southern Africa: Islands about half-way between southern Madagascar and southern Mozambique Ecoregion,,,
ENVO_01001626,Indo-Malay Ecoregion,,,,
ENVO_01001597,Kalahari Xeric Savanna Ecoregion,,,,
ENVO_01001596,Kaokoveld Desert Ecoregion,Africa: Coastal Namibia and Angola Ecoregion,,,
ENVO_01001595,Madagascar Spiny Thickets Ecoregion,Madagascar spiny desert ecoregion,,,
ENVO_01001594,Madagascar Succulent Woodlands Ecoregion,,,,
ENVO_01001593,Masai Xeric Grasslands and Shrublands Ecoregion,,,,
ENVO_01001592,Nama Karoo Ecoregion,,,,
ENVO_01001591,Namib Desert Ecoregion,,Africa: Namibia Ecoregion,,
ENVO_01001590,Namibian Savanna Woodland Ecoregion,,,,
ENVO_01001628,Northwestern Thorn Scrub Forests,,,,Southern Asia: Eastern India and western Pakistan
ENVO_01001580,Nullarbor Plains Xeric Shrubland Ecoregion,,Southern Australia Ecoregion,,
ENVO_01001600,Oman and United Arab Emirates Ecoregion,Arabian Peninsula: Oman and United Arab Emirates Ecoregion,,,
ENVO_01001604,"Oman, Yemen, and Saudi Arabia Ecoregion","Western Asia: Oman, Yemen, and Saudi Arabia Ecoregion",,,
ENVO_01001574,Pilbara Shrublands Ecoregion,,Western Australia Ecoregion,,
ENVO_01001589,Red Sea Coastal Desert Ecoregion,,,,
ENVO_01001573,Simpson Desert Region,,Eastern central Australia Ecoregion,,
ENVO_01001588,Socotran Archipelago Ecoregion,,Islands east of the Horn of Africa and south of Yemen Ecoregion,,
ENVO_01001587,Somali Montane Xeric Woodland Ecoregion,Somali montane xeric woodlands ecoregion,,,
ENVO_01001584,Succulent Karoo Ecoregion,,Southern Africa: Southern Namibia into South Africa,,
ENVO_01001627,Thar Desert,,,,Southern Asia: Western India into Pakistan
ENVO_01001578,The Great Sandy-Tanami Desert Ecoregion,,Northwestern Australia,,
ENVO_01001572,Tirari-Sturt Stony Desert Ecoregion,,Southern central Australia Ecoregion,,
ENVO_01001569,Western Australian Mulga Shrublands Ecoregion,,Western Australia Ecoregion,,
ENVO_01001585,Yemen and Saudi Arabia Ecoregion,Arabian Peninsula: Yemen and Saudi Arabia,,,
ENVO_01001586,"Yemen, Saudi Arabia, and Oman Ecoregion","Arabian Peninsula: Yemen, Saudi Arabia, and Oman",,,
ENVO_01000315,acidic environment,,,,
ENVO_01000630,acidification of an aquatic environment,,,,
ENVO_01001499,active agri-ecosystem management process,agri-ecosystem management,,,agricultural environment management|Agrarumweltmaßnahme|agri-environmental management
ENVO_01001170,active ecosystem management process,ecosystem management,,,environmental management|Umweltmaßnahme
ENVO_01001052,aerosol environment,,,,
ENVO_02500011,afforestation,,,,
ENVO_00000077,agricultural ecosystem,,,feedlot|nursery|barn|irrigated field|corral|sheepfold|stockyard|grange|grazing allotment|cattle dipping tank|dairy|pastoral site,agricultural site|agricultural facility|agricultural land|agricultural colony|agricultural reserve|AgriculturalLands
ENVO_0010003,agricultural environmental material,,,,
ENVO_01000316,alkaline environment,,,,
ENVO_01001835,alpine biome,,,,
ENVO_01001505,alpine tundra biome,mountain tundra,,,
ENVO_01001371,alpine tundra ecosystem,,,,
ENVO_09000004,amount of carbon atom in environmental material,environmental material carbon atom amount,,,
ENVO_09000013,amount of nitrogen atom in environmental material,environmental material nitrogen atom amount,,,
ENVO_2100000,anatomical entity environment,,,,
ENVO_00005803,animal habitation,,,nest|den,
ENVO_01001002,animal-associated environment,Metazoan-associated environment,animal environment,,
ENVO_01001828,anthropised ecosystem,,,,
ENVO_01001200,anthropised terrestrial environmental zone,,,,
ENVO_01001434,anthropogenic ecosystem conversion process,,,,
ENVO_01000313,anthropogenic environment,,,,
ENVO_0010001,anthropogenic environmental material,,,,
ENVO_02500027,anthropogenic environmental process,,,,
ENVO_01000219,anthropogenic terrestrial biome,anthrome|human biome,,,
ENVO_00002030,aquatic biome,,,,
ENVO_01001787,aquatic ecosystem,,,,
ENVO_01000317,aquatic environment,,,,
ENVO_01001227,aquatic natural environment,,,,
ENVO_01000816,area of deciduous forest,,,,
ENVO_01000894,area of emergent herbaceous wetland,,,,
ENVO_01000843,area of evergreen forest,,,,
ENVO_01000855,area of mixed forest,,,,
ENVO_00000360,area of national forest,,national forest,,
ENVO_01000893,area of woody wetland,,,,
ENVO_01001838,arid biome,,,,
ENVO_00000149,artificial reef,,,,
ENVO_03500009,attractive environment,,,,
ENVO_08000001,axilla skin environment,,,,
ENVO_00005770,beech forest soil,,,,
ENVO_00000428,biome,major habitat type,,,EcosytemType
ENVO_01001306,bone element environment,,,,
ENVO_01000322,brackish water environment,,,,
ENVO_01000430,broadleaf forest,,,,
ENVO_01000197,broadleaf forest biome,,,,
ENVO_03501333,child care environment,childcare environment,,daycare environment|day care environment,
ENVO_01001457,cloud forest,tropical montane cloud forest,,,
ENVO_01001179,cnidarian-associated environment,,,,
ENVO_00000230,coastal wetland ecosystem,,,,
ENVO_01000382,cold desert,,,,
ENVO_01000309,cold environment,,,,
ENVO_01000004,concentration basin mediterranean sea biome,,,,
ENVO_09000007,concentration of carbon atom in environmental material,environmental material carbon atom concentration,,,
ENVO_09000016,concentration of nitrogen atom in environmental material,environmental material nitrogen atom concentration,,,
ENVO_01000196,coniferous forest biome,,,,
ENVO_01001171,conservation-focused active ecosystem management process,,,,nature conservation|conservation process|conservation action|Umweltschutz
ENVO_00000150,coral reef,CoralReef,,,barrier reef|reef|fringing reef
ENVO_01000245,cropland biome,,,,
ENVO_01001244,cropland ecosystem,,,,
ENVO_01000311,cultivated environment,,,cropland,truck garden|range|agricultural region|market garden|cultivated cropland|cultivated area|truck farm|CROPLAND
ENVO_01000312,culturing environment,,,,
ENVO_02500012,deforestation,,clearing|clearance,,
ENVO_01000248,dense settlement biome,,,,
ENVO_01001357,desert,,,,
ENVO_00000097,desert area,,,,arid region
ENVO_01000179,desert biome,,,,
ENVO_01001780,desert ecosystem,,,,
ENVO_03501242,desert island,uninhabited island,,islet|atoll,
ENVO_00000156,desert oasis,,,,
ENVO_01000812,desert pavement,reg|saï|serir|gibber,,,
ENVO_01001135,desert planet,dry planet,,,
ENVO_00005800,desert sand,,,,
ENVO_01000242,desert scrubland,desert scrub,,,
ENVO_01000955,desert tree line ecotone,desert treeline|desert tree-line|desert tree line,,,
ENVO_01000956,desert-alpine tree line ecotone,desert-alpine treeline|desert-alpine tree-line|desert-alpine tree line,,,
ENVO_02500001,desertification,,,,
ENVO_01001033,digestive tract environment,,,,
ENVO_01000128,dilution basin mediterranean sea biome,,,,
ENVO_09100001,dissolved carbon atom in environmental material,environmental material dissolved carbon atom,,,
ENVO_09100004,dissolved nitrogen atom in environmental material,environmental material dissolved nitrogen atom,,,
ENVO_01000445,disturbed ecosystem,,,,
ENVO_01000276,ecoregion,,,,
ENVO_01001110,ecosystem,,,,
ENVO_01001174,ecosystem decay,,,,
ENVO_01001167,ecosystem fragment,,,,
ENVO_01001168,ecosystem fragmentation process,,,,
ENVO_01001795,ecosystem process,,,,
ENVO_01000633,ecosystem-wide aerobic respiration,,,,
ENVO_02500007,ecosystem-wide photosynthesis,,,,
ENVO_02500008,ecosystem-wide respiration,,,,
ENVO_01000303,endolithic environment,,,,
ENVO_01001058,environment associated with a fungal tissue,,,,
ENVO_01001057,environment associated with a plant part or small plant,,,,
ENVO_01001055,environment associated with an animal part or small animal,,,,
ENVO_01001176,environment associated with an aquatic invertebrate,,,,
ENVO_01001035,environment determined by a biofilm on a fungal surface,,,,
ENVO_01001051,environment determined by a biofilm on a non-saline surface,,,,
ENVO_01001032,environment determined by a biofilm on a plant surface,,,,
ENVO_01001056,environment determined by a biofilm on a saline surface,,,,
ENVO_01001034,environment determined by a biofilm on an animal surface,,,,
ENVO_01001030,environment determined by a metazoan secretion,,,,
ENVO_01001031,environment determined by a plant substance,,,,
ENVO_01000203,environmental condition,,,,
ENVO_01000452,environmental disposition,,,,
ENVO_00010483,environmental material,portion of environmental material,,,
ENVO_02500041,environmental monitoring,,monitoring,,
ENVO_03501311,environmental monitoring area,,,,
ENVO_03501312,environmental monitoring program area,,,,
ENVO_02500036,environmental pollution,pollution,,,
ENVO_01001303,environmental role,,,,
ENVO_01000254,environmental system,environment,,,
ENVO_01000998,environmental system determined by a material,,,,
ENVO_01000997,environmental system determined by a quality,,,,
ENVO_01001000,environmental system determined by an organism,,,,host-associated environment
ENVO_02500000,environmental system process,,,,
ENVO_09200002,environmental system process quality,quality of environmental system process,,,
ENVO_01001081,environmental variability,,,,
ENVO_01000408,environmental zone,,,,environmental area
ENVO_01001353,environmental zone of processual equilibrium,,,,
ENVO_01000045,epeiric sea biome,epicontinental sea biome,,,
ENVO_01000020,estuarine biome,,,,
ENVO_00005787,eucalyptus forest soil,,,,
ENVO_03600038,experimental forest ecosystem,,,,
ENVO_01000308,extraterrestrial environment,,,,
ENVO_01000318,extreme high temperature environment,,,,
ENVO_2100005,face skin environment,,,,
ENVO_2100006,feather environment,,,,
ENVO_01001029,fecal environment,,,,
ENVO_00000154,flood meadow ecosystem,,,,water meadow
ENVO_01001807,flooded grassland,,,,
ENVO_01000195,flooded grassland biome,,,,
ENVO_01000190,flooded savanna biome,,swamp,,marsh
ENVO_02000140,fluid environmental material,,,fluid,
ENVO_00005738,foamy environmental material,,,,
ENVO_03500006,food desert,,,,
ENVO_03501313,food production environmental monitoring zone,,,,
ENVO_03501314,food production environmental monitoring zone 1,,environmental monitoring zone 1|Zone 1,,
ENVO_03501315,food production environmental monitoring zone 2,,Zone 2,,
ENVO_03501316,food production environmental monitoring zone 3,,Zone 3,,
ENVO_03501317,food production environmental monitoring zone 4,,Zone 4,,
ENVO_02500015,forest area expansion,,,,
ENVO_01000174,forest biome,,,,
ENVO_01001239,forest canopy,,,,
ENVO_01001243,forest ecosystem,,,,
ENVO_01000791,forest fire,,,,
ENVO_01001582,forest floor,,,,
ENVO_02500014,forest process,,,,
ENVO_00002261,forest soil,,,,
ENVO_00000111,forested area,,,,wood|forest
ENVO_01001432,forestry,,,,
ENVO_00000873,freshwater biome,,,,freshwater realm
ENVO_01001789,freshwater ecosystem,,,,
ENVO_01000306,freshwater environment,fresh water environment,,,
ENVO_01000252,freshwater lake biome,,,,
ENVO_01000253,freshwater river biome,,,,
ENVO_03605008,freshwater stream biome,,,,
ENVO_03605009,freshwater stream ecosystem,,,,
ENVO_00000243,freshwater wetland ecosystem,,,,
ENVO_01001041,fungi-associated environment,fungus-associated environment,fungus environment,,
ENVO_01000797,gaseous environmental material,,,gas,
ENVO_00000344,grain of desert sand,,,,
ENVO_00000106,grassland area,,,,herbaceous area|grazing area
ENVO_01000177,grassland biome,,,,
ENVO_01001206,grassland ecosystem,GRASSLAND|grassland,,,herbaceous area|downland|downs|grazing area|glade|Grassland|down
ENVO_00005750,grassland soil,,,,
ENVO_01000739,habitat,,,,
ENVO_01001175,habitat fragmentation process,,,,
ENVO_01000310,haline environment,,,,
ENVO_03501331,healthcare environment,,,,
ENVO_01000314,high osmolarity environment,,,,
ENVO_01000304,high pressure environment,,,,
ENVO_01000305,high temperature environment,,,,
ENVO_03501339,household environment,,,,
ENVO_2000045,hydrocarbon-based environmental material,,,,
ENVO_01001043,hypersaline water environment,,,,
ENVO_2100004,integumental system environment,,,,
ENVO_00000389,intermittent wetland,,,,
ENVO_01001468,intertidal ecosystem,,coastal zone,,IntertidalZone|littoral zone
ENVO_2100002,intestine environment,,,,
ENVO_01000058,kelp forest,,,,kelp bed
ENVO_01001405,laboratory environment,,,,
ENVO_00000891,large freshwater lake biome,,,,
ENVO_00000887,large river biome,,,,
ENVO_00000889,large river delta biome,,,,
ENVO_00000888,large river headwater biome,,,,
ENVO_01000815,liquid environmental material,,,,
ENVO_01000181,mangrove biome,,,,
ENVO_02000138,mangrove biome soil,mangrove soil,,,
ENVO_01000046,marginal sea biome,,,,
ENVO_01000027,marine abyssal zone biome,,,,
ENVO_01000054,marine basaltic hydrothermal vent biome,,,,
ENVO_01000026,marine bathyal zone biome,,,,
ENVO_01000024,marine benthic biome,,,,
ENVO_00000447,marine biome,,,,marine realm
ENVO_01000051,marine black smoker biome,,,,
ENVO_01000127,marine cold seep biome,,,,
ENVO_01000145,marine coral reef back reef,,,,
ENVO_01000049,marine coral reef biome,,,,
ENVO_01000148,marine coral reef buttress zone,,,,
ENVO_01000146,marine coral reef crest,,,,
ENVO_01000149,marine coral reef deep fore reef,,,,
ENVO_01000144,marine coral reef flat zone,,,,
ENVO_01000147,marine coral reef fore reef,,,,
ENVO_01001788,marine ecosystem,,,,
ENVO_01000320,marine environment,,,,
ENVO_01001201,marine environmental zone,,,,
ENVO_01000028,marine hadal zone biome,,,,
ENVO_01000030,marine hydrothermal vent biome,,,,
ENVO_01000025,marine neritic benthic zone biome,,,,
ENVO_01000073,marine oligotrophic desert,,,,
ENVO_01000023,marine pelagic biome,,,,
ENVO_01000143,marine reef,,,,
ENVO_01000029,marine reef biome,,,,
ENVO_01000022,marine salt marsh biome,,,,
ENVO_01000161,marine sponge reef,,,,
ENVO_01000123,marine sponge reef biome,,,,
ENVO_01000150,marine subtidal rocky reef,,,,
ENVO_01000050,marine subtidal rocky reef biome,,,,
ENVO_01000053,marine ultramafic hydrothermal vent biome,,,,
ENVO_01000858,marine upwelling biome,,,,
ENVO_01000052,marine white smoker biome,,,,
ENVO_01001691,mass of compounded environmental materials,,,,
ENVO_01001686,mass of environmental material,,,,
ENVO_00000108,meadow ecosystem,meadow,,,hay meadow
ENVO_01001833,mediterranean biome,,,,
ENVO_01001791,mediterranean forest,,,,
ENVO_01000199,mediterranean forest biome,,,,
ENVO_01001810,mediterranean grassland,,,,
ENVO_01000224,mediterranean grassland biome,,,,
ENVO_01000229,mediterranean savanna biome,,,,
ENVO_01000047,mediterranean sea biome,,,,
ENVO_01000217,mediterranean shrubland biome,,,,
ENVO_01000208,mediterranean woodland biome,,,,
ENVO_01000431,mixed forest,,,,
ENVO_01000198,mixed forest biome,,,,
ENVO_01000448,mixed grassland,,mixed grassland,,
ENVO_01001836,montane biome,,,,
ENVO_01000185,montane desert biome,,,,
ENVO_01000435,montane forest,,,,
ENVO_01001808,montane grassland,,,,
ENVO_01000194,montane grassland biome,,,,
ENVO_01000223,montane savanna biome,,,,
ENVO_01000216,montane shrubland biome,,,,
ENVO_00005769,mountain forest soil,,,,
ENVO_08000002,mouth environment,,,,
ENVO_01000929,mushroom environment,,,,
ENVO_01001386,mussel reef,,,,
ENVO_01000951,natural environment,,,,
ENVO_01000433,needleleaf forest,coniferous forest,,,
ENVO_01000042,neritic epipelagic zone biome,,,,
ENVO_01000043,neritic mesopelagic zone biome,,,,
ENVO_01001380,neritic mussel reef,,,,
ENVO_01000032,neritic pelagic zone biome,,,,
ENVO_01000041,neritic sea surface microlayer biome,,,,
ENVO_03500007,noisy environment,,,,
ENVO_01001054,non-saline aerosol environment,,,,
ENVO_01001003,non-saline environment,,,,
ENVO_01001047,non-saline planetary subsurface environment,,,,
ENVO_01001049,non-saline sediment environment,,,,
ENVO_03501332,occupational environment,work environment,,,
ENVO_01000048,ocean biome,,,,
ENVO_01000038,oceanic abyssopelagic zone biome,,,,
ENVO_01000037,oceanic bathypelagic zone biome,,,,
ENVO_01000040,oceanic benthopelagic zone biome,,,,
ENVO_01000035,oceanic epipelagic zone biome,,,,
ENVO_01000039,oceanic hadal pelagic zone biome,,,,
ENVO_01000036,oceanic mesopelagic zone biome,,,,
ENVO_01001381,oceanic mussel reef,,,,
ENVO_01000033,oceanic pelagic zone biome,,,,
ENVO_01000034,oceanic sea surface microlayer biome,,,,
ENVO_03501101,outdoor environment,,,,
ENVO_01000060,particulate environmental material,,particulate matter,,
ENVO_01001046,planetary subsurface environment,,,,
ENVO_01001435,planned deforestation,,,,
ENVO_01001436,planned environmental usage process,,,,
ENVO_01001001,plant-associated environment,Viridiplantae-associated environment,plant environment,,
ENVO_00000119,planted forest,,,,
ENVO_01000339,polar biome,,,,
ENVO_01000186,polar desert biome,,,,
ENVO_01001703,polar environment,,,,
ENVO_01001625,polar tundra ecosystem,,,,
ENVO_01001629,polymetallic nodule ecosystem,manganese nodule ecosystem,,,polymetallic nodule field
ENVO_01000768,primary forest,,,,
ENVO_01000247,rangeland biome,,,,
ENVO_01001899,reef,,,,
ENVO_02500013,reforestation,,,,
ENVO_03501323,residential environment,,,,
ENVO_01000999,rhizosphere environment,,,,
ENVO_00000173,rocky desert,rock desert,desert,,
ENVO_00000130,rocky reef,REEF,,submerged reef|atoll reef|fringing reef|bank reef|shore reef|barrier reef,reef flat|reef|ledge|reefs
ENVO_01001840,safe environment,,,,
ENVO_03500008,safe environment for human presence,,,,
ENVO_01001839,safe environment for living organisms,,,,
ENVO_01001053,saline aerosol environment,,,,
ENVO_01001040,saline environment,,,,
ENVO_01001050,saline sediment environment,,,,
ENVO_01000307,saline water environment,,,,
ENVO_00000240,saline wetland,,,,
ENVO_00000172,sandy desert,,sandy area|desert,,
ENVO_01000178,savanna biome,,,,
ENVO_01000434,sclerophyllous forest,,,,
ENVO_01000321,sea water environment,ocean water environment,,,
ENVO_01001048,sediment environment,,,,
ENVO_03500010,shady environment,shaded environment,,,
ENVO_01000176,shrubland biome,,,,
ENVO_2100003,skin environment,,,,
ENVO_00000892,small freshwater lake biome,,,,
ENVO_00000890,small river biome,,,,
ENVO_01001044,soil environment,,,,
ENVO_01000814,solid environmental material,,,,
ENVO_09000001,solubility of carbon atom in environmental material,environmental material carbon atom solubility,,,
ENVO_09000010,solubility of nitrogen atom in environmental material,environmental material nitrogen atom solubility,,,
ENVO_00005784,spruce forest soil,,,,
ENVO_01001042,sterile water environment,,,,
ENVO_00000183,stony desert,,desert,,
ENVO_01001837,subalpine biome,,,,
ENVO_01001834,subpolar biome,,,,
ENVO_01000250,subpolar coniferous forest biome,,,boreal forest|taiga,
ENVO_01001704,subpolar environment,,,,
ENVO_01001812,subpolar grassland,,,,
ENVO_01001832,subtropical biome,,,,
ENVO_01001793,subtropical broadleaf forest,,,,
ENVO_01000201,subtropical broadleaf forest biome,,,,
ENVO_01000209,subtropical coniferous forest biome,,,,
ENVO_01000184,subtropical desert biome,,,,
ENVO_01001801,subtropical dry broadleaf forest,,,,
ENVO_01000225,subtropical dry broadleaf forest biome,,,,
ENVO_01001702,subtropical environment,,,,
ENVO_01001804,subtropical forest,,,,
ENVO_01001809,subtropical grassland,,,,
ENVO_01000191,subtropical grassland biome,,,,
ENVO_01001802,subtropical moist broadleaf forest,,,,
ENVO_01000226,subtropical moist broadleaf forest biome,,,,
ENVO_01000187,subtropical savanna biome,,,,
ENVO_01000213,subtropical shrubland biome,,,,
ENVO_01000222,subtropical woodland biome,,,,
ENVO_00000233,swamp ecosystem,swamp|Swamp,wetland,,cienaga
ENVO_01000432,swamp forest,,,,
ENVO_01001831,temperate biome,,,,
ENVO_01000397,temperate broadleaf evergreen forest,,,,
ENVO_01001794,temperate broadleaf forest,,,,
ENVO_01000202,temperate broadleaf forest biome,,,,
ENVO_01000211,temperate coniferous forest biome,,,,
ENVO_01000385,temperate deciduous broadleaf forest,,,,
ENVO_01000386,temperate deciduous needleleaf forest,,coniferous forest,,
ENVO_01000182,temperate desert biome,,,,
ENVO_01001705,temperate environment,,,,
ENVO_01000383,temperate evergreen needleleaf forest,,coniferous forest,,
ENVO_01001805,temperate forest,,,,
ENVO_01000398,temperate freshwater swamp forest,,,,
ENVO_01001811,temperate grassland,,,,
ENVO_01000193,temperate grassland biome,,prairie biome,,
ENVO_01000856,temperate marginal sea biome,,,,
ENVO_01000860,temperate marine upwelling biome,,,,
ENVO_01000857,temperate mediterranean sea biome,,,,
ENVO_01000389,temperate mixed broadleaf forest,,,,
ENVO_01001796,temperate mixed forest,,,,
ENVO_01000212,temperate mixed forest biome,,,,
ENVO_01000390,temperate mixed needleleaf forest,,,,coniferous forest
ENVO_01000189,temperate savanna biome,,prairie biome,,
ENVO_01000395,temperate sclerophyllous dry forest,,,,
ENVO_01000215,temperate shrubland biome,,prairie biome,,
ENVO_01000221,temperate woodland biome,,,,
ENVO_09200000,temperature of environmental material,environmental material temperature,,,
ENVO_00000446,terrestrial biome,,,,terrestrial realm
ENVO_01001570,terrestrial ecoregion,,,,
ENVO_01001790,terrestrial ecosystem,,,,
ENVO_01001199,terrestrial environmental zone,,,,
ENVO_01001226,terrestrial natural environment,,,,
ENVO_01001369,tidal mangrove shrubland,,,,
ENVO_01001830,tropical biome,,,,
ENVO_01001792,tropical broadleaf forest,,,,
ENVO_01000200,tropical broadleaf forest biome,,,,
ENVO_01000210,tropical coniferous forest biome,,,,
ENVO_01000387,tropical deciduous broadleaf forest,,,,rain forest
ENVO_01000183,tropical desert biome,,,,
ENVO_01001799,tropical dry broadleaf forest,,,,
ENVO_01000227,tropical dry broadleaf forest biome,,,,
ENVO_01001701,tropical environment,,,,
ENVO_01001803,tropical forest,,,,
ENVO_01000394,tropical freshwater swamp forest,,,,
ENVO_01001806,tropical grassland,,,,
ENVO_01000192,tropical grassland biome,,,,
ENVO_01000393,tropical lower montane forest,,,,
ENVO_01000384,tropical lowland evergreen broadleaf rain forest,,,,rain forest
ENVO_01001230,tropical marginal sea biome,,,,
ENVO_01000854,tropical marine coral reef biome,,,,
ENVO_01000376,tropical marine semi-evergreen forest,mesophytic ecosystem,semi-evergreen forest,,
ENVO_01000859,tropical marine upwelling biome,,,,
ENVO_01000402,tropical mixed broadleaf forest,,,,
ENVO_01001797,tropical mixed forest,,,,
ENVO_01001798,tropical mixed forest biome,,,,
ENVO_01000401,tropical mixed needleleaf forest,,,,coniferous forest
ENVO_01001800,tropical moist broadleaf forest,,,,
ENVO_01000228,tropical moist broadleaf forest biome,,,,rainforest biome
ENVO_01000399,tropical needleleaf forest,,coniferous forest,,
ENVO_01000188,tropical savanna biome,,,,
ENVO_01000396,tropical sclerophyllous dry forest,,,,
ENVO_01000388,tropical semi-deciduous broadleaf forest,,,,rain forest
ENVO_01000391,tropical semi-evergreen moist broadleaf forest,,,,rain forest
ENVO_01000214,tropical shrubland biome,,,,
ENVO_01000400,tropical thorn forest,,,,
ENVO_01000392,tropical upper montane forest,,,,
ENVO_01000220,tropical woodland biome,,,,
ENVO_01000180,tundra biome,,,,
ENVO_01001370,tundra ecosystem,,,,
ENVO_01000249,urban biome,,,,
ENVO_01001451,usage of an environment for business,,,,
ENVO_01001447,usage of an environment for community and social services,,,,
ENVO_01001449,usage of an environment for defence,,,,
ENVO_01001450,usage of an environment for industry,,,,
ENVO_01001445,usage of an environment for infrastructure and utilities,,transportation,,
ENVO_01001443,usage of an environment for recreation,,recreation|leisure,,
ENVO_01001446,usage of an environment for residential activity,,residential,,
ENVO_01001448,usage of an environment for retail activity,,,,
ENVO_01001444,usage of an environment for transportation,,transportation,,
ENVO_01000246,village biome,,,,
ENVO_03500011,violent environment,,,,
ENVO_01000449,wet meadow ecosystem,,,,
ENVO_00000043,wetland area,,,,WetlandRegion
ENVO_01001209,wetland ecosystem,Wetland|WETLAND,,barrier flat|EstuarineWetland|backswamp|slue|TerrestialWetland|RiparianWetland|LacustrineWetland|dismal|tulelands|slough|mud flat|peatland|peat cutting area|back marsh|PalustrineWetland|cienaga|quagmire|swamp forest|riparian area|forested wetland|floating marsh|mire|backwater|quaking bog|slash|blanket bog|bog|MarineWetland|everglade|marsh,muskeg|moor|morass
ENVO_01000175,woodland biome,,,,
ENVO_01001245,woodland ecosystem,,,,
ENVO_00000893,xeric basin biome,,,,
ENVO_01000218,xeric shrubland biome,,,,
